modelmodel;;Information Model;
tableName;columnName;entityName;attrName
ARCS;;Exklusivbeziehung;
ARCS;ARCS_ID;;
ARCS;ARCS_NAME;Exklusivbeziehung;Name
ARCS;ARCS_ENTI_ID;;
ARCS;ARCS_UC;;
ARCS;ARCS_DC;;
ARCS;ARCS_UM;;
ARCS;ARCS_DM;;
ATTRIBUTES;;Sprachtext;
ATTRIBUTES;;Attribut;
ATTRIBUTES;ATTR_ID;;
ATTRIBUTES;ATTR_TECH_NAME;Attribut;Attributname
ATTRIBUTES;ATTR_DISPL_NAME;Sprachtext;Text
ATTRIBUTES;ATTR_DISPL_NAME;Attribut;Anzeigename [L]
ATTRIBUTES;ATTR_DISPL_SEQ;Attribut;Anzeigereihenfolge
ATTRIBUTES;ATTR_DESCR;Sprachtext;Text
ATTRIBUTES;ATTR_DESCR;Attribut;Beschreibung [L]
ATTRIBUTES;ATTR_TOOLTIP;Sprachtext;Text
ATTRIBUTES;ATTR_TOOLTIP;Attribut;Tooltip [L]
ATTRIBUTES;ATTR_IS_MANDATORY;Attribut;ist Pflichtattribut
ATTRIBUTES;ATTR_IS_DESCRIPTIVE;Attribut;ist Deskriptorfeld
ATTRIBUTES;ATTR_IS_REPEATED;Attribut;ist Wiederholattribut
ATTRIBUTES;ATTR_IS_TRANSLATED;Attribut;ist sprachabhängig
ATTRIBUTES;ATTR_IS_HISTORICISED;Attribut;ist historisiert
ATTRIBUTES;ATTR_IS_ENCRYPTED;Attribut;ist verschlüsselt
ATTRIBUTES;ATTR_ENTI_ID;;
ATTRIBUTES;ATTR_DOMA_ID;;
ATTRIBUTES;ATTR_UC;;
ATTRIBUTES;ATTR_DC;;
ATTRIBUTES;ATTR_UM;;
ATTRIBUTES;ATTR_DM;;
BUSINESS_RULES;;Sprachtext;
BUSINESS_RULES;;Geschäftsregel;
BUSINESS_RULES;BURU_ID;;
BUSINESS_RULES;BURU_NAME;Geschäftsregel;Name
BUSINESS_RULES;BURU_RULE;Geschäftsregel;Regel
BUSINESS_RULES;BURU_DESCR;Geschäftsregel;Beschreibung [L]
BUSINESS_RULES;BURU_IMPACT;Geschäftsregel;Regelauswirkung
BUSINESS_RULES;BURU_TYPE;Geschäftsregel;Regeltyp
BUSINESS_RULES;BURU_LEVEL;Geschäftsregel;Anwendungsebene
BUSINESS_RULES;BURU_ERRORMSG;Sprachtext;Text
BUSINESS_RULES;BURU_ERRORMSG;Geschäftsregel;Fehlermeldung [L]
BUSINESS_RULES;BURU_UC;;
BUSINESS_RULES;BURU_DC;;
BUSINESS_RULES;BURU_UM;;
BUSINESS_RULES;BURU_DM;;
BUSINESSRULE_ELEMENTS;;BURU-ATTR;
BUSINESSRULE_ELEMENTS;;BURU-DEVA;
BUSINESSRULE_ELEMENTS;;BURU-RELA;
BUSINESSRULE_ELEMENTS;;BURU-ENTI;
BUSINESSRULE_ELEMENTS;BURE_ID;;
BUSINESSRULE_ELEMENTS;BURE_BURU_ID;;
BUSINESSRULE_ELEMENTS;BURE_MODE_ID;;
BUSINESSRULE_ELEMENTS;BURE_WRITEABLE;Geschäftsregel;Regeltyp
BUSINESSRULE_ELEMENTS;BURE_UC;;
BUSINESSRULE_ELEMENTS;BURE_DC;;
BUSINESSRULE_ELEMENTS;BURE_UM;;
BUSINESSRULE_ELEMENTS;BURE_DM;;
COLU_ATTR_MAP;;Attributtransformation;
COLU_ATTR_MAP;;Outbound Transformation;
COLU_ATTR_MAP;;Inbound Transformation;
COLU_ATTR_MAP;coam_id;;
COLU_ATTR_MAP;coam_seq;Attributtransformation;Laufnr
COLU_ATTR_MAP;coam_direction;;
COLU_ATTR_MAP;coam_colu_id;;
COLU_ATTR_MAP;coam_attr_id;;
COLU_ATTR_MAP;coam_transf_rule;;
COLU_ATTR_MAP;coam_triggertype;Attributtransformation;Auslöseart
COLU_ATTR_MAP;coam_triggerperiod;Attributtransformation;Auslöseperiodizität
COLUMNS;;Schnittstellenattribut;
COLUMNS;COLU_ID;;
COLUMNS;COLU_COLUMN_NAME;Schnittstellenattribut;Name
COLUMNS;COLU_MANDATORY;Schnittstellenattribut;Pflichtfeld
COLUMNS;COLU_FORMAT;Schnittstellenattribut;Format
COLUMNS;COLU_DESCR;Schnittstellenattribut;Beschreibung
COLUMNS;COLU_EXT_SYSTEM_ID;;
COLUMNS;COLU_TYPE_STRING;Schnittstellenattribut;Datentyp
COLUMNS;COLU_READ;;
COLUMNS;COLU_UPDATE;;
COLUMNS;COLU_TABL_ID;;
COLUMNS;COLU_DOMA_ID;;
COLUMNS;COLU_UC;;
COLUMNS;COLU_DC;;
COLUMNS;COLU_UM;;
COLUMNS;COLU_DM;;
DATATYPES;DATY_ID;;
DATATYPES;DATY_NAME;;
DATATYPES;DATY_BASETYPE;;
DATATYPES;DATY_UC;;
DATATYPES;DATY_DC;;
DATATYPES;DATY_UM;;
DATATYPES;DATY_DM;;
DEFAULT_VALUES;;Sprachtext;
DEFAULT_VALUES;;Vorgabewert;
DEFAULT_VALUES;DEVA_ID;;
DEFAULT_VALUES;DEVA_DOMA_ID;;
DEFAULT_VALUES;DEVA_VALUE;Vorgabewert;Wert
DEFAULT_VALUES;DEVA_SORT_ORDER;Vorgabewert;Sortierreihenfolge
DEFAULT_VALUES;DEVA_DISPL;Sprachtext;Text
DEFAULT_VALUES;DEVA_DISPL;Vorgabewert;Anzeigetext [L]
DEFAULT_VALUES;DEVA_DESCR;Sprachtext;Text
DEFAULT_VALUES;DEVA_DESCR;Vorgabewert;Beschreibung [L]
DEFAULT_VALUES;DEVA_UC;;
DEFAULT_VALUES;DEVA_DC;;
DEFAULT_VALUES;DEVA_UM;;
DEFAULT_VALUES;DEVA_DM;;
DIAGRAMS;;Diagramm;
DIAGRAMS;DIAG_ID;;
DIAGRAMS;DIAG_NAME;Diagramm;Name [L]
DIAGRAMS;DIAG_LEGENDY;Diagramm;Legendposition
DIAGRAMS;DIAG_LEGENDX;Diagramm;Legendposition
DIAGRAMS;DIAG_DIAT_ID;;
DIAGRAMS;DIAG_UC;;
DIAGRAMS;DIAG_DC;;
DIAGRAMS;DIAG_UM;;
DIAGRAMS;DIAG_DM;;
DIAGRAMTYPES;;Diagrammtyp;
DIAGRAMTYPES;DIAT_ID;;
DIAGRAMTYPES;DIAT_NAME;Diagrammtyp;Bezeichnung
DIAGRAMTYPES;DIAT_UC;;
DIAGRAMTYPES;DIAT_DC;;
DIAGRAMTYPES;DIAT_UM;;
DIAGRAMTYPES;DIAT_DM;;
DOCUMENTS;;Dokument;
DOCUMENTS;DOCU_ID;;
DOCUMENTS;DOCU_NAME;Dokument;Name
DOCUMENTS;DOCU_REFERENCE;Dokument;Inhalteferenz
DOCUMENTS;DOCU_CONTENT;Dokument;Inhalt
DOCUMENTS;DOCU_STFO_ID;;
DOCUMENTS;DOCU_DOCU_ID;;
DOMAINGROUP_MEMBERS;;DOMA-DOMA;
DOMAINGROUP_MEMBERS;DGRM_ID;;
DOMAINGROUP_MEMBERS;DGRM_NAME;DOMA-DOMA;Attr Name
DOMAINGROUP_MEMBERS;DGRM_DESCR;DOMA-DOMA;Attr Description
DOMAINGROUP_MEMBERS;DGRM_IS_MANDATORY;DOMA-DOMA;is_mandatory
DOMAINGROUP_MEMBERS;DGRM_DOMA_ID_GROUP;;
DOMAINGROUP_MEMBERS;DGRM_DOMA_ID_MEMBER;;
DOMAINGROUP_MEMBERS;DGRM_UC;;
DOMAINGROUP_MEMBERS;DGRM_DC;;
DOMAINGROUP_MEMBERS;DGRM_UM;;
DOMAINGROUP_MEMBERS;DGRM_DM;;
DOMAINS;;Wertebereich;
DOMAINS;;Werteliste;
DOMAINS;;Sprachtext;
DOMAINS;;Zeitpunkt Wertebereich;
DOMAINS;;Textlicher Wertebereich;
DOMAINS;;Binärer Wertebereich;
DOMAINS;;Numerischer Wertebereich;
DOMAINS;DOMA_ID;;
DOMAINS;DOMA_NAME;Wertebereich;Name [L]
DOMAINS;DOMA_DESCR;Wertebereich;Beschreibung [L]
DOMAINS;DOMA_NAME;Sprachtext;Text
DOMAINS;DOMA_DESCR;Sprachtext;Text
DOMAINS;DOMA_TYPE;;
DOMAINS;DOMA_ORIGIN;;
DOMAINS;DOMA_INTF_ID;;
DOMAINS;DOMA_DATY_ID;;
DOMAINS;DOMA_DAT_MINVALUE;Zeitpunkt Wertebereich;Min Zeitpunkt
DOMAINS;DOMA_DAT_MAXVALUE;Zeitpunkt Wertebereich;Max Zeitpunkt
DOMAINS;DOMA_DAT_GRANULARITY;Zeitpunkt Wertebereich;Granularität
DOMAINS;DOMA_TXT_MAXLNG;Textlicher Wertebereich;Max Länge
DOMAINS;DOMA_TXT_SYNTAXRULE;Textlicher Wertebereich;Werteregel
DOMAINS;DOMA_NUM_MAXVALUE;Numerischer Wertebereich;Max Wert
DOMAINS;DOMA_NUM_MINVALUE;Numerischer Wertebereich;Min Wert
DOMAINS;DOMA_NUM_TOTAL_DIGITS;Numerischer Wertebereich;Totalstellen#
DOMAINS;DOMA_NUM_FRACT_DIGITS;Numerischer Wertebereich;Nachkommastellen#
DOMAINS;DOMA_NUM_ROUND_VALUE;Numerischer Wertebereich;Rundungseinheit
DOMAINS;DOMA_NUM_PHYU_ID;;
DOMAINS;DOMA_BIN_CONTENTTYPE;Binärer Wertebereich;Inhaltstyp
DOMAINS;DOMA_BIN_STFO_ID;;
DOMAINS;DOMA_UC;;
DOMAINS;DOMA_DC;;
DOMAINS;DOMA_UM;;
DOMAINS;DOMA_DM;;
ELEMENT_UI;;Elementdarstellung;
ELEMENT_UI;ELUI_ID;;
ELEMENT_UI;ELUI_MELT_ID;;
ELEMENT_UI;ELUI_ENCA_ID;;
ELEMENT_UI;ELUI_WIDTH;Elementdarstellung;*Inhaltdarstellung
ELEMENT_UI;ELUI_HEIGHT;Elementdarstellung;*Inhaltdarstellung
ELEMENT_UI;ELUI_OPACITY;Elementdarstellung;*Inhaltdarstellung
ELEMENT_UI;ELUI_COLOR;Elementdarstellung;*Inhaltdarstellung
ELEMENT_UI;ELUI_MARGINWIDTH;Elementdarstellung;*Randdarstellung
ELEMENT_UI;ELUI_MARGINOPACITY;Elementdarstellung;*Randdarstellung
ELEMENT_UI;ELUI_MARGINCOLOR;Elementdarstellung;*Randdarstellung
ELEMENT_UI;ELUI_FONTSIZE;Elementdarstellung;*Schrift
ELEMENT_UI;ELUI_FONTCOLOR;Elementdarstellung;*Schrift
ELEMENTREPS;;Elementdarstellung;
ELEMENTREPS;ELER_ID;;
ELEMENTREPS;ELER_MODE_ID;;
ELEMENTREPS;ELER_DIAG_ID;;
ELEMENTREPS;ELER_INDEX;;
ELEMENTREPS;ELER_POSITION_X;Elementdarstellung;*Inhaltdarstellung
ELEMENTREPS;ELER_POSITION_Y;Elementdarstellung;*Inhaltdarstellung
ELEMENTREPS;ELER_WIDTH;Elementdarstellung;*Inhaltdarstellung
ELEMENTREPS;ELER_HEIGHT;Elementdarstellung;*Inhaltdarstellung
ELEMENTREPS;ELER_OPACITY;Elementdarstellung;*Inhaltdarstellung
ELEMENTREPS;ELER_COLOR;Elementdarstellung;*Inhaltdarstellung
ELEMENTREPS;ELER_MARGINWIDTH;Elementdarstellung;*Randdarstellung
ELEMENTREPS;ELER_MARGINOPACITY;Elementdarstellung;*Randdarstellung
ELEMENTREPS;ELER_MARGINCOLOR;Elementdarstellung;*Randdarstellung
ELEMENTREPS;ELER_FONTSIZE;Elementdarstellung;*Schrift
ELEMENTREPS;ELER_FONTCOLOR;Elementdarstellung;*Schrift
ELEMENTREPS;ELER_UC;;
ELEMENTREPS;ELER_DC;;
ELEMENTREPS;ELER_UM;;
ELEMENTREPS;ELER_DM;;
ENTITIES;;Sprachtext;
ENTITIES;;Entität;
ENTITIES;ENTI_ID;;
ENTITIES;ENTI_NAME;Sprachtext;Text
ENTITIES;ENTI_NAME;Entität;Entitätname [L]
ENTITIES;ENTI_ENCA_ID;;
ENTITIES;ENTI_DESCR;Sprachtext;Text
ENTITIES;ENTI_DESCR;Entität;Beschreibung [L]
ENTITIES;ENTI_SHORTNAME;Entität;Kurzname [L]
ENTITIES;ENTI_PREFIX;Entität;Präfixname
ENTITIES;ENTI_TOOLTIP;Sprachtext;Text
ENTITIES;ENTI_TOOLTIP;Entität;Tooltip [L]
ENTITIES;ENTI_EXP_TUPLECNT;Entität;erwartete Tupelanzahl
ENTITIES;ENTI_UC;;
ENTITIES;ENTI_DC;;
ENTITIES;ENTI_UM;;
ENTITIES;ENTI_DM;;
ENTITY_CATEGORIES;;Entitätskategorie;
ENTITY_CATEGORIES;ENCA_ID;;
ENTITY_CATEGORIES;ENCA_NAME;Entitätskategorie;Name
ENTITY_CATEGORIES;ENCA_UC;;
ENTITY_CATEGORIES;ENCA_DC;;
ENTITY_CATEGORIES;ENCA_UM;;
ENTITY_CATEGORIES;ENCA_DM;;
EXAMPLE;;Sprachtext;
EXAMPLE;;Entität;
EXAMPLE;;Attribut;
EXAMPLE;EXPL_ID;;
EXAMPLE;EXPL_VALUE;Entität;*Beispiel
EXAMPLE;EXPL_VALUE;Attribut;**Beispiel [LN]
EXAMPLE;EXPL_VALUE;Sprachtext;Text
EXAMPLE;EXPL_ENTI_ID;;
EXAMPLE;EXPL_ATTR_ID;;
EXAMPLE;EXPL_UC;;
EXAMPLE;EXPL_DC;;
EXAMPLE;EXPL_UM;;
EXAMPLE;EXPL_DM;;
EXTERNAL_REFS;;Externe Referenz;
EXTERNAL_REFS;EXTR_ID;;
EXTERNAL_REFS;EXTR_SOURCE_NAME;Externe Referenz;Quellenname
EXTERNAL_REFS;EXTR_SOURCE_ID;Externe Referenz;QuellID
EXTERNAL_REFS;EXTR_MODE_ID;Änderungs Zpkt;
EXTERNAL_REFS;EXTR_LAST_UPDATE;Externe Referenz;
INTERFACES;;Schnittstelle;
INTERFACES;INTF_ID;;
INTERFACES;INTF_NAME;Schnittstelle;Name
INTERFACES;INTF_DESCR;Schnittstelle;Beschreibung
INTERFACES;INTF_UC;;
INTERFACES;INTF_DC;;
INTERFACES;INTF_UM;;
INTERFACES;INTF_DM;;
KEY_ELEMENTS;;KEYS-RELA;
KEY_ELEMENTS;;KEYS-ATTR;
KEY_ELEMENTS;KELE_ID;;
KEY_ELEMENTS;KELE_KEYS_ID;;
KEY_ELEMENTS;KELE_ATTR_ID;;
KEY_ELEMENTS;KELE_RELA_ID;;
KEY_ELEMENTS;KELE_UC;;
KEY_ELEMENTS;KELE_DC;;
KEY_ELEMENTS;KELE_UM;;
KEY_ELEMENTS;KELE_DM;;
KEYS;;Schlüssel;
KEYS;KEYS_ID;;
KEYS;KEYS_ENTI_ID;;
KEYS;KEYS_NAME;Schlüssel;Laufnr
KEYS;KEYS_UC;;
KEYS;KEYS_DC;;
KEYS;KEYS_UM;;
KEYS;KEYS_DM;;
LANG_TEXTS;;Sprachtext;
LANG_TEXTS;LGTX_ID;;
LANG_TEXTS;LGTX_ATTRNAME;Sprachtext;Attribut Name
LANG_TEXTS;LGTX_TEXT;Sprachtext;Text
LANG_TEXTS;LGTX_LANG_ID;;
LANG_TEXTS;LGTX_MODE_ID;;
LANG_TEXTS;LGTX_UC;;
LANG_TEXTS;LGTX_DC;;
LANG_TEXTS;LGTX_UM;;
LANG_TEXTS;LGTX_DM;;
LANGUAGES;;Sprache;
LANGUAGES;LANG_ID;;
LANGUAGES;LANG_ISO_NAME;Sprache;ISO Name
LANGUAGES;LANG_ISO_CODE2;Sprache;ISO Code2
LANGUAGES;LANG_ISO_CODE3;Sprache;ISO Code3
LANGUAGES;LANG_IS_TEXT_LANG;Sprache;Textsprache (J/N)
LANGUAGES;LANG_IS_BASE_LANG;Sprache;Modellsprache (J/N)
LANGUAGES;LANG_LANG_ID;;
LANGUAGES;LANG_UC;;
LANGUAGES;LANG_DC;;
LANGUAGES;LANG_UM;;
LANGUAGES;LANG_DM;;
LINESEGMENTS;;Beziehungs-darstellung;
LINESEGMENTS;LISE_ID;;
LINESEGMENTS;LISE_SEQ;Beziehungs-darstellung;Linie
LINESEGMENTS;LISE_RELR_ID;;
LINESEGMENTS;LISE_X;Beziehungs-darstellung;Liniendarstellung
LINESEGMENTS;LISE_Y;Beziehungs-darstellung;Liniendarstellung
LINESEGMENTS;LISE_LINETYPE;Beziehungs-darstellung;Liniendarstellung
LINESEGMENTS;LISE_ANGLE;Beziehungs-darstellung;Liniendarstellung
MELT_DIATS;;Relation_224;
MELT_DIATS;MEDI_ID;;
MELT_DIATS;MEDI_DIAT_ID;;
MELT_DIATS;MEDI_MELT_ID;;
MELT_DIATS;MEDI_UC;;
MELT_DIATS;MEDI_DC;;
MELT_DIATS;MEDI_UM;;
MELT_DIATS;MEDI_DM;;
MODE_DOCU;;DOCU_MODE;
MODE_DOCU;MODO_ID;;
MODE_DOCU;MODO_MODE_ID;;
MODE_DOCU;MODO_DOCU_ID;;
MODE_ORGU;MOOU_ID;;
MODE_ORGU;MOOU_MODE_ID;;
MODE_ORGU;MOOU_ORGU_ID;;
MODELELEM_TYPE;;Modellelementtyp;
MODELELEM_TYPE;MELT_ID;;
MODELELEM_TYPE;MELT_SHORTNAME;Modellelementtyp;Beschreibung
MODELELEM_TYPE;MELT_NAME;Modellelementtyp;Name
MODELELEM_TYPE;MELT_UC;;
MODELELEM_TYPE;MELT_DC;;
MODELELEM_TYPE;MELT_UM;;
MODELELEM_TYPE;MELT_DM;;
MODELELEMENT;;Modellelement;
MODELELEMENT;MODE_ID;;
MODELELEMENT;MODE_TYPE;;
MODELELEMENT;MODE_MELT_ID;;
MODELELEMENT;MODE_MIN_ZOOM_LEVEL;Modellelement;Min. Zoom-level
MODELELEMENT;MODE_MAX_ZOOM_LEVEL;Modellelement;Max. Zoom-level
MODELELEMENT;MODE_DEV_STATUS;Modellelement;Entwicklungsstatus
MODELEMTYPE_PROPERTIES;;Relation_249;
MODELEMTYPE_PROPERTIES;METP_ID;;
MODELEMTYPE_PROPERTIES;METP_MELT_ID;;
MODELEMTYPE_PROPERTIES;METP_UDPR_ID;;
MODELEMTYPE_PROPERTIES;METP_OPTIONAL;;
ORGANISATIONALUNITS;;Organisationseinheit;
ORGANISATIONALUNITS;ORGU_ID;;
ORGANISATIONALUNITS;ORGU_NAME;Organisationseinheit;Name
ORGANISATIONALUNITS;ORGU_DESCR;;
ORGANISATIONALUNITS;ORGU_MAIL;Organisationseinheit;eMail
ORGANISATIONALUNITS;ORGU_TELEFON;Organisationseinheit;Telefon-Nr
ORGANISATIONALUNITS;ORGU_ADDRESS;Organisationseinheit;Adresse
ORGANISATIONALUNITS;ORGU_ORGU_ID;;
ORGANISATIONALUNITS;ORGU_UC;;
ORGANISATIONALUNITS;ORGU_DC;;
ORGANISATIONALUNITS;ORGU_UM;;
ORGANISATIONALUNITS;ORGU_DM;;
PHYSICAL_UNIT;;Sprachtext;
PHYSICAL_UNIT;;Physikalische Einheit;
PHYSICAL_UNIT;PHYU_ID;;
PHYSICAL_UNIT;PHYU_SI_UNIT;Physikalische Einheit;SI-Einheit
PHYSICAL_UNIT;PHYU_NAME;Sprachtext;Text
PHYSICAL_UNIT;PHYU_NAME;Physikalische Einheit;Name [L]
PHYSICAL_UNIT;PHYU_DESCR;Sprachtext;Text
PHYSICAL_UNIT;PHYU_DESCR;Physikalische Einheit;Beschreibung [L]
PHYSICAL_UNIT;PHYU_UC;;
PHYSICAL_UNIT;PHYU_DC;;
PHYSICAL_UNIT;PHYU_UM;;
PHYSICAL_UNIT;PHYU_DM;;
projects;proj_id;;
projects;proj_name;;
projects;proj_curr_lang;;
projects;proj_languages;;
projects;proj_uc;;
projects;proj_dc;;
projects;proj_um;;
projects;proj_dm;;
RELATIONREPS;;Beziehungs-darstellung;
RELATIONREPS;RELR_ID;;
RELATIONREPS;RELR_DIAG_ID;;
RELATIONREPS;RELR_MODE_ID;;
RELATIONREPS;RELR_LINEWIDTH;Beziehungs-darstellung;Liniendarstellung
RELATIONREPS;RELR_LINECOLOR;Beziehungs-darstellung;Liniendarstellung
RELATIONREPS;RELR_LINEOPACITY;Beziehungs-darstellung;Liniendarstellung
RELATIONREPS;RELR_STARTEDGE;Beziehungs-darstellung;Andockposition (start)
RELATIONREPS;RELR_STARTPOSITION;Beziehungs-darstellung;Andockposition (start)
RELATIONREPS;RELR_START_CONNECTOR;Beziehungs-darstellung;
RELATIONREPS;RELR_STARTTEXT_ANGEL;Beziehungs-darstellung;Textdarstellung (start)
RELATIONREPS;RELR_STARTTEXT_DISTANCE;Beziehungs-darstellung;Textdarstellung (start)
RELATIONREPS;RELR_STARTTEXT_X;Beziehungs-darstellung;Textdarstellung (start)
RELATIONREPS;RELR_STARTTEXT_Y;Beziehungs-darstellung;Textdarstellung (start)
RELATIONREPS;RELR_STARTTEXT_WIDTH;Beziehungs-darstellung;Textdarstellung (start)
RELATIONREPS;RELR_STARTTEXT_HEIGHT;Beziehungs-darstellung;Textdarstellung (start)
RELATIONREPS;RELR_ENDEDGE;Beziehungs-darstellung;Andockposition (ende)
RELATIONREPS;RELR_ENDPOSITION;Beziehungs-darstellung;Andockposition (ende)
RELATIONREPS;RELR_END_CONNECTOR;Beziehungs-darstellung;
RELATIONREPS;RELR_ENDTEXT_ANGEL;Beziehungs-darstellung;Textdarstellung (ende)
RELATIONREPS;RELR_ENDTEXT_DISTANCE;Beziehungs-darstellung;Textdarstellung (ende)
RELATIONREPS;RELR_ENDTEXT_X;Beziehungs-darstellung;Textdarstellung (ende)
RELATIONREPS;RELR_ENDTEXT_Y;Beziehungs-darstellung;Textdarstellung (ende)
RELATIONREPS;RELR_ENDTEXT_WIDTH;Beziehungs-darstellung;Textdarstellung (ende)
RELATIONREPS;RELR_ENDTEXT_HEIGHT;Beziehungs-darstellung;Textdarstellung (ende)
RELATIONREPS;RELR_FONTCOLOR;Beziehungs-darstellung;Textdarstellung (ende)
RELATIONREPS;RELR_FONTSIZE;Beziehungs-darstellung;Textdarstellung (ende)
RELATIONREPS;RELR_UC;;
RELATIONREPS;RELR_DC;;
RELATIONREPS;RELR_UM;;
RELATIONREPS;BEDA_DM;;
RELATIONS;;Sprachtext;
RELATIONS;;Beziehung;
RELATIONS;;IsA Rollenbeziehung;
RELATIONS;;IsA Subtyp Beziehung;
RELATIONS;;many2many Beziehung;
RELATIONS;;Funktionale Beziehung;
RELATIONS;;1zu1 Beziehung;
RELATIONS;RELA_ID;;
RELATIONS;RELA_NAME;Beziehung;Name
RELATIONS;RELA_TYPE;;
RELATIONS;RELA_ENTI_ID_FROM;;
RELATIONS;RELA_ARCS_ID_FROM;;
RELATIONS;RELA_HIST_FROM_TO;Beziehung;ist historisiert (von-zu)
RELATIONS;RELA_ASSOC_FROM_TO;Beziehung;Assoziation von-zu [L]
RELATIONS;RELA_ASSOC_FROM_TO;Sprachtext;Text
RELATIONS;RELA_MANDATORY_FROM_TO;Beziehung;ist Pflichtbeziehung (von-zu)
RELATIONS;RELA_MAPTYPE_FROM_TO;Beziehung;Kardinalität (von-zu
RELATIONS;RELA_ENTI_ID_TO;;
RELATIONS;RELA_ARCS_ID_TO;;
RELATIONS;RELA_ASSOC_TO_FROM;Beziehung;Assoziation zu-von [L]
RELATIONS;RELA_ASSOC_TO_FROM;Sprachtext;Text
RELATIONS;RELA_HIST_TO_FROM;Beziehung;ist historisiert (zu-von)
RELATIONS;RELA_MAPTYPE_TO_FROM;Beziehung;Kardinalität (zu-von)
RELATIONS;RELA_MANDATORY_TO_FROM;Beziehung;ist Pflichtbeziehung (zu-von)
RELATIONS;RELA_UC;;
RELATIONS;RELA_DC;;
RELATIONS;RELA_UM;;
RELATIONS;RELA_DM;;
STORAGE_FORMATS;;Speicherformat;
STORAGE_FORMATS;STFO_ID;;
STORAGE_FORMATS;STFO_NAME;Speicherformat;Name
STORAGE_FORMATS;STFO_DESCR;Speicherformat;Beschreibung
STORAGE_FORMATS;STFO_UC;;
STORAGE_FORMATS;STFO_DC;;
STORAGE_FORMATS;STFO_UM;;
STORAGE_FORMATS;STFO_DM;;
SYNONYMS;;Sprachtext;
SYNONYMS;;Entität;
SYNONYMS;SYNO_ID;;
SYNONYMS;SYNO_ENTI_ID;;
SYNONYMS;SYNO_NAME;Entität;Synonym [LN]
SYNONYMS;SYNO_NAME;Sprachtext;Text
SYNONYMS;SYNO_UC;;
SYNONYMS;SYNO_DC;;
SYNONYMS;SYNO_UM;;
SYNONYMS;SYNO_DM;;
TABL_ENTI_MAP;;TABL-ENTI;
TABL_ENTI_MAP;TEMA_ID;;
TABL_ENTI_MAP;TEMA_TABL_ID;;
TABL_ENTI_MAP;TEMA_ENTI_ID;;
TABL_ENTI_MAP;TEMA_RELA_ID;;
TABLES;;Schnittstellentabelle;
TABLES;TABL_ID;;
TABLES;TABL_NAME;Schnittstellentabelle;Tabellenname
TABLES;TABL_DESCR;Schnittstellentabelle;Beschreibung
TABLES;TABL_INTF_ID;;
TABLES;TABL_CREATE;;
TABLES;TABL_READ;;
TABLES;TABL_UPDATE;;
TABLES;TABL_DELETE;;
TABLES;TABL_UC;;
TABLES;TABL_DC;;
TABLES;TABL_UM;;
TABLES;TABL_DM;;
templatetable;UC;;
templatetable;DC;;
templatetable;UM;;
templatetable;DM;;
UDP_VALUES;;Benutzerdefinierter Eigenschaftswert;
UDP_VALUES;UDPV_ID;;
UDP_VALUES;UDPV_VALUE;Benutzerdefinierter Eigenschaftswert;Wert
UDP_VALUES;UDPV_MODE_ID;;
UDP_VALUES;UDPV_UDPR_ID;;
UDP_VALUES;UDPV_UC;;
UDP_VALUES;UDPV_DC;;
UDP_VALUES;UDPV_UM;;
UDP_VALUES;UDPV_DM;;
USER_DEFINED_PROPERTIES;;Sprachtext;
USER_DEFINED_PROPERTIES;;Benutzerdefinierte Eigenschaft;
USER_DEFINED_PROPERTIES;UDPR_ID;;
USER_DEFINED_PROPERTIES;UDPR_THEME;;
USER_DEFINED_PROPERTIES;UDPR_GROUP;Benutzerdefinierte Eigenschaft;Gruppenname
USER_DEFINED_PROPERTIES;UDPR_NAME;Benutzerdefinierte Eigenschaft;Name
USER_DEFINED_PROPERTIES;UDPR_DESCR;Sprachtext;Text
USER_DEFINED_PROPERTIES;UDPR_DESCR;Benutzerdefinierte Eigenschaft;Beschreibung [L]
USER_DEFINED_PROPERTIES;UDPR_DEFAULTVALUE;**Standardwert;
USER_DEFINED_PROPERTIES;UDPR_UC;;
USER_DEFINED_PROPERTIES;UDPR_DC;;
USER_DEFINED_PROPERTIES;UDPR_UM;;
USER_DEFINED_PROPERTIES;UDPR_DM;;